City_ID,City,Country,Lat,Lng,Max Temp,Humidity,Cloudiness,Wind Speed,Current Description
0,Nagato,JP,34.3833,131.2,41.2,63,86,5.35,overcast clouds
1,Rabat,MA,33.9911,-6.8401,54.05,93,4,0.0,clear sky
2,Thompson,CA,55.7435,-97.8558,2.88,92,100,5.86,overcast clouds
3,Nishihara,JP,26.1842,127.7558,63.68,63,75,11.5,broken clouds
4,Belaya Gora,RU,68.5333,146.4167,-42.77,100,76,0.58,broken clouds
5,Norman Wells,CA,65.282,-126.8329,-26.23,91,17,2.86,few clouds
6,Barrow,US,71.2906,-156.7887,14.02,79,90,13.8,overcast clouds
7,Yamada,JP,39.4667,141.95,31.91,73,12,5.28,few clouds
8,Ust-Nera,RU,64.5667,143.2,-41.26,99,84,4.27,broken clouds
9,Sept-Iles,CA,50.2001,-66.3821,22.05,67,14,8.99,few clouds
10,Georgetown,MY,5.4112,100.3354,79.9,78,20,9.22,few clouds
11,Bluff,NZ,-46.6,168.3333,54.81,90,99,10.54,light rain
12,Fortuna,US,40.5982,-124.1573,59.41,100,90,0.0,overcast clouds
13,Esperance,AU,-33.8667,121.9,55.81,89,70,9.48,broken clouds
14,Lasa,IT,46.6166,10.7002,34.54,96,100,2.46,light snow
15,Atuona,PF,-9.8,-139.0333,78.55,74,7,17.16,clear sky
16,Ushuaia,AR,-54.8,-68.3,60.46,33,40,20.71,scattered clouds
17,Khonsa,IN,27.0167,95.5667,58.53,81,98,2.95,overcast clouds
18,Vaini,TO,-21.2,-175.2,78.76,82,35,19.33,light rain
19,Varadero,CU,23.1536,-81.2514,79.56,62,1,14.47,clear sky
20,Aklavik,CA,68.2191,-135.0107,-25.13,87,5,7.49,clear sky
21,Newton,US,42.337,-71.2092,41.16,58,1,1.99,clear sky
22,Kota Bahru,MY,6.1333,102.2386,74.57,80,74,4.41,broken clouds
23,Kapaa,US,22.0752,-159.319,70.2,72,90,1.01,overcast clouds
24,Harindanga,IN,22.0383,88.3214,71.58,94,100,14.58,overcast clouds
25,Gorin,RU,51.1983,136.6669,-7.24,93,91,9.13,overcast clouds
26,Clyde River,CA,70.4692,-68.5914,10.6,86,100,16.04,overcast clouds
27,Chokurdakh,RU,70.6333,147.9167,-40.68,100,59,3.11,broken clouds
28,Marsh Harbour,BS,26.5412,-77.0636,75.67,65,5,8.59,clear sky
29,Albany,US,42.6001,-73.9662,42.62,65,96,7.72,overcast clouds
30,Sao Gabriel Da Cachoeira,BR,-0.1303,-67.0892,74.75,98,100,1.7,overcast clouds
31,Mataura,NZ,-46.1927,168.8643,54.48,98,100,5.19,overcast clouds
32,Isangel,VU,-19.55,169.2667,80.94,78,100,11.1,overcast clouds
33,Jamestown,US,42.097,-79.2353,40.51,62,93,11.01,overcast clouds
34,Hamilton,US,39.1834,-84.5333,53.1,43,1,1.99,clear sky
35,Kaitangata,NZ,-46.2817,169.8464,61.03,84,100,8.52,moderate rain
36,Oxford,GB,51.7522,-1.256,42.96,80,40,3.0,scattered clouds
37,Lebu,CL,-37.6167,-73.65,58.75,70,0,20.92,clear sky
38,Puerto Narino,CO,-3.7703,-70.3831,89.55,87,98,4.23,overcast clouds
39,Tiksi,RU,71.6872,128.8694,-21.06,98,100,3.29,overcast clouds
40,Bambous Virieux,MU,-20.3428,57.7575,78.22,83,40,5.75,scattered clouds
41,Nanortalik,GL,60.1432,-45.2371,35.44,94,97,38.88,light rain
42,Brownsville,US,25.9018,-97.4975,84.31,67,10,4.0,clear sky
43,Parasia,IN,22.2,78.7667,61.21,49,0,4.38,clear sky
44,Saint-Philippe,RE,-21.3585,55.7679,78.35,83,26,10.76,scattered clouds
45,Samarai,PG,-10.6167,150.6667,81.61,76,100,4.68,overcast clouds
46,Nata,PA,8.3333,-80.5167,83.43,76,73,12.03,broken clouds
47,Novokorsunskaya,RU,45.6408,39.1464,56.16,55,100,8.21,overcast clouds
48,Hithadhoo,MV,-0.6,73.0833,81.16,77,79,11.7,broken clouds
49,Adrar,MR,20.5022,-10.0711,67.66,15,74,12.01,broken clouds
50,Tuktoyaktuk,CA,69.4541,-133.0374,-20.65,88,5,6.89,clear sky
51,Ribeira Grande,PT,38.5167,-28.7,63.0,88,75,5.75,broken clouds
52,Sistranda,NO,63.7256,8.834,30.16,64,98,11.27,overcast clouds
53,Port Alfred,ZA,-33.5906,26.891,67.95,95,100,23.06,light rain
54,Punta Arenas,CL,-53.15,-70.9167,55.51,50,40,25.32,scattered clouds
55,Sorland,NO,67.667,12.6934,26.67,62,11,17.25,few clouds
56,Upernavik,GL,72.7868,-56.1549,17.98,68,100,6.89,overcast clouds
57,New Norfolk,AU,-42.7826,147.0587,52.75,63,5,1.01,clear sky
58,Rikitea,PF,-23.1203,-134.9692,75.99,72,23,10.16,few clouds
59,Castro,BR,-24.7911,-50.0119,74.62,54,28,3.02,scattered clouds
60,Ilulissat,GL,69.2167,-51.1,37.42,56,20,25.32,few clouds
61,Hobart,AU,-42.8794,147.3294,53.11,73,20,1.01,few clouds
62,Mar Del Plata,AR,-38.0023,-57.5575,60.82,78,75,11.99,broken clouds
63,Rurrenabaque,BO,-14.4413,-67.5278,91.36,51,85,1.34,overcast clouds
64,Arraial Do Cabo,BR,-22.9661,-42.0278,76.86,69,40,10.36,scattered clouds
65,Provideniya,RU,64.3833,-173.3,16.3,90,96,3.89,overcast clouds
66,Merauke,ID,-8.4667,140.3333,79.88,86,100,5.14,light rain
67,Pevek,RU,69.7008,170.3133,-17.93,99,100,7.72,overcast clouds
68,Busselton,AU,-33.65,115.3333,56.08,75,0,10.13,clear sky
69,Raudeberg,NO,61.9875,5.1352,35.2,94,100,3.0,snow
70,Vila Franca Do Campo,PT,37.7167,-25.4333,63.19,84,100,0.74,overcast clouds
71,Cape Town,ZA,-33.9258,18.4232,65.12,79,100,4.0,moderate rain
72,Zunyi,CN,27.6867,106.9072,51.96,78,100,0.65,overcast clouds
73,Rincon,US,32.296,-81.2354,75.65,53,100,4.52,overcast clouds
74,Mount Gambier,AU,-37.8333,140.7667,52.29,68,0,6.53,clear sky
75,Yarada,IN,17.65,83.2667,75.52,83,75,3.44,broken clouds
76,Kavieng,PG,-2.5744,150.7967,82.36,80,100,12.71,moderate rain
77,Poso,ID,-1.3959,120.7524,79.32,74,100,2.08,overcast clouds
78,Hermanus,ZA,-34.4187,19.2345,63.9,86,100,18.01,moderate rain
79,East London,ZA,-33.0153,27.9116,68.18,95,100,17.9,light rain
80,Walvis Bay,NA,-22.9575,14.5053,62.1,77,0,12.39,clear sky
81,Kaeo,NZ,-35.1,173.7833,70.32,91,100,9.91,overcast clouds
82,Bethel,US,41.3712,-73.414,46.36,60,82,4.74,broken clouds
83,Hilo,US,19.7297,-155.09,73.27,83,90,3.44,light rain
84,Saint-Joseph,RE,-21.3667,55.6167,77.36,81,22,8.77,few clouds
85,Ilinskoye-Khovanskoye,RU,56.9718,39.7684,18.73,96,100,5.75,overcast clouds
86,Svetlogorsk,BY,52.6333,29.7333,29.53,85,100,9.4,overcast clouds
87,Buraydah,SA,26.326,43.975,58.41,40,2,7.85,clear sky
88,Manono,CD,-7.3,27.4167,73.0,69,12,0.92,few clouds
89,Riyadh,SA,24.6877,46.7219,59.43,28,4,3.76,clear sky
90,Nome,US,64.5011,-165.4064,6.87,78,90,4.61,haze
91,Hasaki,JP,35.7333,140.8333,37.8,60,3,19.35,clear sky
92,Qaanaaq,GL,77.484,-69.3632,0.52,65,70,7.23,broken clouds
93,Leningradskiy,RU,69.3833,178.4167,-17.09,96,95,5.82,overcast clouds
94,Bandundu,CD,-3.3167,17.3667,72.9,95,100,1.5,overcast clouds
95,Dalbandin,PK,28.8947,64.4101,54.68,61,1,6.89,clear sky
96,Tuatapere,NZ,-46.1333,167.6833,54.82,97,100,10.85,light rain
97,Baghdad,IQ,33.3406,44.4009,49.91,50,0,5.75,clear sky
98,Yellowknife,CA,62.456,-114.3525,-24.59,87,30,7.49,scattered clouds
99,Nisia Floresta,BR,-6.0911,-35.2086,83.21,79,57,9.73,broken clouds
100,Carnarvon,AU,-24.8667,113.6333,69.87,94,0,5.75,clear sky
101,Salalah,OM,17.0151,54.0924,73.49,56,0,6.91,clear sky
102,Mocuba,MZ,-16.8392,36.9856,80.69,59,1,7.74,clear sky
103,Buchanan,LR,5.8808,-10.0467,80.56,83,64,9.71,broken clouds
104,Talnakh,RU,69.4865,88.3972,-28.26,100,100,1.01,overcast clouds
105,Saskylakh,RU,71.9167,114.0833,-19.89,99,100,5.35,overcast clouds
106,Huarmey,PE,-10.0681,-78.1522,70.3,79,100,10.25,overcast clouds
107,Khatanga,RU,71.9667,102.5,-21.26,98,100,8.43,overcast clouds
108,Mackenzie,CA,55.2999,-123.1698,21.42,86,90,4.61,light snow
109,Yerofey Pavlovich,RU,53.9667,121.9667,5.09,90,100,2.39,overcast clouds
110,Kemijarvi,FI,66.7131,27.4306,-0.29,99,11,2.44,few clouds
111,Husavik,IS,66.0449,-17.3389,19.8,80,29,11.74,scattered clouds
112,Hovd,MN,48.0056,91.6419,19.47,57,0,2.53,clear sky
113,Myrtle Beach,US,33.6891,-78.8867,74.34,70,69,1.01,broken clouds
114,Meulaboh,ID,4.1363,96.1285,75.92,87,92,4.41,overcast clouds
115,Begamganj,IN,23.6,78.3333,61.18,54,0,6.24,clear sky
116,Mahebourg,MU,-20.4081,57.7,78.26,83,40,5.75,scattered clouds
117,Kunigal,IN,13.0222,77.0267,68.43,90,77,3.91,broken clouds
118,Kodiak,US,57.79,-152.4072,20.71,86,90,0.0,overcast clouds
119,Crotone,IT,39.0851,17.1178,47.93,67,1,0.87,clear sky
120,Nouadhibou,MR,20.931,-17.0347,66.52,71,9,17.63,clear sky
121,Parrita,CR,9.5201,-84.3225,92.98,76,26,5.06,scattered clouds
122,Luwuk,ID,-0.9516,122.7875,78.22,87,94,3.13,overcast clouds
123,Avarua,CK,-21.2078,-159.775,80.65,78,75,5.75,broken clouds
124,Hami,CN,42.8,93.45,26.73,55,78,3.29,broken clouds
125,Nyimba,ZM,-14.5566,30.8149,80.11,36,22,7.54,few clouds
126,Lata,PT,40.1629,-8.3327,52.81,97,9,3.13,clear sky
127,Jos,NG,9.9167,8.9,67.95,37,89,5.73,overcast clouds
128,Ponta Do Sol,PT,32.6667,-17.1,66.83,63,96,9.4,overcast clouds
129,Pervomayskoye,RU,43.919,46.7102,42.39,78,44,6.29,scattered clouds
130,Luderitz,NA,-26.6481,15.1594,61.18,89,6,5.21,clear sky
131,Hofn,IS,64.2539,-15.2082,31.42,57,0,10.36,clear sky
132,Kortkeros,RU,61.8106,51.5806,3.2,94,100,8.5,light snow
133,Puerto Escondido,MX,15.85,-97.0667,86.41,51,1,5.32,clear sky
134,George Town,MY,5.4112,100.3354,79.9,78,20,1.01,few clouds
135,Jumla,NP,29.2747,82.1838,42.82,69,2,4.05,clear sky
136,Moron,AR,-34.6534,-58.6198,75.94,74,82,7.0,broken clouds
137,Bathsheba,BB,13.2167,-59.5167,83.01,69,20,18.41,few clouds
138,Ulaangom,MN,49.9811,92.0667,4.84,73,6,4.79,clear sky
139,Katsuura,JP,35.1333,140.3,47.19,60,4,12.75,clear sky
140,Reporoa,NZ,-38.4333,176.35,66.34,95,100,2.93,overcast clouds
141,Nelson Bay,AU,-32.7167,152.15,70.0,71,91,1.99,overcast clouds
142,Kapoeta,SS,4.7717,33.5903,84.4,37,93,12.55,overcast clouds
143,Uspenka,UA,48.3903,39.1619,32.77,99,100,10.89,snow
144,Gat,IL,31.61,34.7642,66.4,42,100,5.86,overcast clouds
145,Miyako,JP,39.6367,141.9525,32.36,71,19,8.77,few clouds
146,Novoagansk,RU,61.9449,76.6625,-3.68,96,100,3.22,overcast clouds
147,Krasnoselkup,RU,65.7,82.4667,-20.92,99,96,4.72,overcast clouds
148,Ponte De Sor,PT,39.2496,-8.0101,53.98,89,0,12.97,clear sky
149,Padang,ID,-0.9492,100.3543,77.22,90,100,0.63,overcast clouds
150,Karratha,AU,-20.7377,116.8463,85.23,31,28,13.58,scattered clouds
151,Paamiut,GL,61.994,-49.6678,36.46,80,99,39.21,light rain
152,Saint Anthony,US,45.0205,-93.218,34.56,53,90,1.99,overcast clouds
153,Gobabis,NA,-22.45,18.9667,71.85,11,59,10.42,broken clouds
154,Bambanglipuro,ID,-7.95,110.2833,63.61,90,100,5.23,moderate rain
155,Cafelandia,BR,-21.8025,-49.61,84.33,42,83,4.45,broken clouds
156,Hualmay,PE,-11.0964,-77.6139,70.27,77,96,8.7,overcast clouds
157,Labytnangi,RU,66.6572,66.4183,-28.08,94,5,2.95,clear sky
158,Sakakah,SA,29.9697,40.2064,58.44,41,44,8.32,scattered clouds
159,Corner Brook,CA,48.9667,-57.9484,30.33,68,100,17.81,light snow
160,Tual,ID,-5.6667,132.75,82.47,80,100,10.29,moderate rain
161,Huntington,US,38.4193,-82.4452,56.5,45,1,1.01,clear sky
162,Tarko-Sale,RU,64.9225,77.785,-19.91,100,66,5.3,broken clouds
163,Kalmunai,LK,7.4167,81.8167,77.52,86,1,2.77,clear sky
164,Ippy,CF,6.2679,21.2247,78.87,38,94,1.79,overcast clouds
165,Bengkulu,ID,-3.8004,102.2655,75.85,89,100,7.4,overcast clouds
166,Odweyne,SO,9.4092,45.064,60.26,68,0,8.52,clear sky
167,Campbellton,CA,48.0075,-66.6727,21.51,65,90,7.31,overcast clouds
168,Chuy,UY,-33.6971,-53.4616,67.82,79,100,9.69,overcast clouds
169,Port Augusta,AU,-32.5,137.7667,62.74,55,100,6.76,overcast clouds
170,Batemans Bay,AU,-35.7167,150.1833,61.11,75,100,3.8,overcast clouds
171,Aleksandrov Gay,RU,50.147,48.5704,43.0,92,100,15.82,overcast clouds
172,Lang Son,VN,21.8333,106.7333,52.11,62,86,2.93,overcast clouds
173,Lahij,YE,13.1667,44.5833,70.9,65,0,3.51,clear sky
174,Springbok,ZA,-29.6643,17.8865,52.2,88,84,7.56,broken clouds
175,Bonga,ET,7.2833,36.2333,61.41,65,36,1.61,scattered clouds
176,Ancud,CL,-41.8697,-73.8203,62.13,60,0,3.96,clear sky
177,Inuvik,CA,68.3499,-133.7218,-27.0,86,3,4.7,clear sky
178,Djougou,BJ,9.7085,1.666,78.8,18,100,5.26,overcast clouds
179,Dauphin,CA,51.1494,-100.0502,22.48,81,92,4.36,overcast clouds
180,Aloleng,PH,16.1307,119.7824,75.4,64,77,12.03,broken clouds
181,Cap Malheureux,MU,-19.9842,57.6142,78.48,71,55,3.0,broken clouds
182,Severo-Yeniseyskiy,RU,60.3725,93.0408,4.21,91,100,10.51,overcast clouds
183,Souillac,MU,-20.5167,57.5167,78.37,83,40,5.75,scattered clouds
184,Saint George,US,37.1041,-113.5841,72.36,27,0,1.99,clear sky
185,Floirac,FR,44.8324,-0.5141,49.55,88,20,9.22,few clouds
186,Teguldet,RU,57.3064,88.1667,20.89,93,100,9.89,overcast clouds
187,Diamantino,BR,-14.4086,-56.4461,83.05,74,100,2.95,light rain
188,Laramie,US,41.3114,-105.5911,60.78,21,0,8.99,clear sky
189,Maningrida,AU,-12.0667,134.2667,82.69,77,100,4.12,overcast clouds
190,Xining,CN,36.6167,101.7667,26.15,30,0,2.62,clear sky
191,Bredasdorp,ZA,-34.5322,20.0403,62.28,85,100,19.64,light rain
192,Atambua,ID,-9.1061,124.8925,73.9,93,100,2.44,overcast clouds
193,Mount Vernon,US,40.9126,-73.8371,48.43,61,75,1.99,broken clouds
194,Kurumkan,RU,54.3,110.3,14.61,93,52,5.08,light snow
195,Klaksvik,FO,62.2266,-6.589,34.72,55,100,18.92,overcast clouds
196,Abadan,IR,30.3392,48.3043,59.52,25,100,7.56,overcast clouds
197,Bubaque,GW,11.2833,-15.8333,81.66,75,28,14.65,scattered clouds
198,El Retorno,CO,2.3302,-72.6276,79.0,88,100,3.4,overcast clouds
199,Mareeba,AU,-17.0,145.4333,76.44,80,50,1.79,scattered clouds
200,Mogadishu,SO,2.0371,45.3438,80.01,73,14,18.54,few clouds
201,Wanning,CN,18.8003,110.3967,69.12,72,99,13.91,overcast clouds
202,Port Macquarie,AU,-31.4333,152.9167,64.89,94,75,12.66,broken clouds
203,Quatre Cocos,MU,-20.2078,57.7625,78.1,73,58,13.11,broken clouds
204,Constitucion,CL,-35.3333,-72.4167,67.59,56,4,15.14,clear sky
205,Mehamn,NO,71.0357,27.8492,17.83,83,10,20.18,clear sky
206,Resistencia,AR,-27.4606,-58.9839,84.09,72,91,7.74,overcast clouds
207,Dakar,SN,14.6937,-17.4441,74.28,74,100,14.41,overcast clouds
208,Isla Mujeres,MX,21.2311,-86.731,80.65,64,0,7.63,clear sky
209,Srednekolymsk,RU,67.45,153.6833,-40.9,100,61,2.64,broken clouds
210,Atar,MR,20.5169,-13.0499,75.07,16,34,9.28,scattered clouds
211,Pierre,US,44.3683,-100.351,39.06,42,100,5.99,overcast clouds
212,Cam Ranh,VN,11.9214,109.1591,73.36,68,20,8.05,few clouds
213,Saldanha,ZA,-33.0117,17.9442,61.03,93,100,4.97,heavy intensity rain
214,Nuuk,GL,64.1835,-51.7216,45.21,42,75,24.16,broken clouds
215,General Roca,AR,-39.0333,-67.5833,77.4,24,27,3.76,scattered clouds
216,Moree,AU,-29.4667,149.85,73.42,60,0,9.22,clear sky
217,Praia Da Vitoria,PT,38.7333,-27.0667,63.75,89,50,6.4,scattered clouds
218,Jaguarari,BR,-10.2639,-40.1958,68.41,92,99,6.08,overcast clouds
219,Gomel,BY,52.4345,30.9754,28.38,93,100,11.18,overcast clouds
220,Itarema,BR,-2.9248,-39.9167,81.18,76,55,14.23,broken clouds
221,Havre-Saint-Pierre,CA,50.2334,-63.5986,26.19,49,8,22.15,clear sky
222,Monroe,US,43.1501,-77.6831,41.5,57,75,16.11,broken clouds
223,Jiwani,PK,25.05,61.7417,76.12,63,0,7.9,clear sky
224,Suntar,RU,62.1444,117.6319,13.77,85,99,8.05,overcast clouds
225,Stepnogorsk,KZ,52.3544,71.8869,31.08,91,100,12.37,overcast clouds
226,Sao Joao Da Barra,BR,-21.6403,-41.0511,77.09,78,20,8.5,few clouds
227,Iguape,BR,-24.7081,-47.5553,73.85,75,18,13.42,few clouds
228,Beloha,MG,-25.1667,45.05,74.52,76,0,3.13,clear sky
229,Flin Flon,CA,54.7682,-101.865,4.23,78,12,5.99,few clouds
230,Palmer,US,42.1584,-72.3287,41.72,62,94,4.54,overcast clouds
231,Kutum,SD,14.2,24.6667,69.84,24,0,8.52,clear sky
232,Catalao,BR,-18.1658,-47.9464,76.03,64,90,7.2,overcast clouds
233,Tasiilaq,GL,65.6145,-37.6368,28.56,91,100,35.25,snow
234,Dicabisagan,PH,17.0818,122.4157,71.6,84,100,9.95,overcast clouds
235,Port Elizabeth,ZA,-33.918,25.5701,62.1,94,90,9.22,light intensity drizzle
236,Lokosovo,RU,61.1333,74.8167,6.51,96,100,5.35,light snow
237,Verkhoyansk,RU,67.5447,133.385,-27.42,96,100,1.77,overcast clouds
238,Nueve De Julio,AR,-35.4444,-60.8831,61.92,90,100,8.43,overcast clouds
239,Bud,US,39.447,-86.1758,50.7,52,100,7.47,overcast clouds
240,Longyearbyen,SJ,78.2186,15.6401,19.24,73,75,24.16,light snow
241,Preston,GB,53.7667,-2.7167,46.38,77,100,5.99,overcast clouds
242,Capela Do Alto,BR,-23.4706,-47.7347,72.34,69,20,17.18,few clouds
243,Naze,JP,28.3667,129.4833,57.25,65,99,10.07,overcast clouds
244,Ihosy,MG,-22.4,46.1167,70.39,88,2,3.83,clear sky
245,Muzhi,RU,65.3667,64.6667,-22.54,99,100,0.69,overcast clouds
246,Nogliki,RU,51.8333,143.1667,-5.28,96,43,9.19,scattered clouds
247,Mangai,CD,-4.05,19.5333,71.15,99,100,1.3,overcast clouds
248,Fairview,US,40.8126,-73.999,47.98,59,77,4.0,broken clouds
249,Albury,AU,-36.0833,146.9167,63.01,74,22,8.05,few clouds
250,Wilkie,CA,52.4168,-108.7014,15.89,86,100,3.29,overcast clouds
251,Porlamar,VE,10.958,-63.8491,87.89,66,66,16.11,broken clouds
252,Williamsburg,US,37.2707,-76.7075,60.64,72,1,3.0,clear sky
253,Cayenne,GF,4.9333,-52.3333,77.09,91,90,3.0,overcast clouds
254,Hrodna,BY,53.6884,23.8258,29.32,91,86,6.62,overcast clouds
255,Sisimiut,GL,66.9395,-53.6735,35.38,80,100,11.36,overcast clouds
256,San Quintin,MX,30.4833,-115.95,64.38,73,3,18.81,clear sky
257,Fairbanks,US,64.8378,-147.7164,-22.02,80,7,0.47,clear sky
258,Blackwater,AU,-23.5833,148.8833,77.67,67,0,6.6,clear sky
259,Cidreira,BR,-30.1811,-50.2056,70.68,78,100,18.95,overcast clouds
260,Miri,MY,4.4148,114.0089,75.33,90,80,3.6,broken clouds
261,Nanakuli,US,21.3906,-158.1547,76.71,70,75,0.0,light rain
262,Victoria,HK,22.2855,114.1577,65.32,65,98,1.99,overcast clouds
263,Itaberaba,BR,-12.5275,-40.3069,74.03,77,72,1.66,broken clouds
264,Arona,ES,28.0996,-16.681,63.39,54,20,1.99,few clouds
265,Dikson,RU,73.5069,80.5464,-22.63,100,100,8.21,overcast clouds
266,Namwala,ZM,-15.7504,26.4384,77.0,30,50,4.41,scattered clouds
267,Los Llanos De Aridane,ES,28.6585,-17.9182,62.35,51,40,17.0,scattered clouds
268,Kachiry,KZ,53.0675,76.1036,30.43,92,100,9.1,overcast clouds
269,Bandarbeyla,SO,9.4942,50.8122,76.53,67,27,17.83,scattered clouds
270,Ayan,RU,56.45,138.1667,5.94,67,100,4.68,overcast clouds
271,Naryan-Mar,RU,67.6713,53.087,5.22,96,99,10.07,overcast clouds
272,Lleida,ES,41.6167,0.6167,57.69,72,0,4.0,clear sky
273,Harper,LR,4.375,-7.7169,80.02,81,6,9.22,clear sky
274,Emure,NG,7.4361,5.4593,77.23,32,91,1.99,overcast clouds
275,Kapit,MY,2.0167,112.9333,73.11,100,72,0.51,broken clouds
276,Iranshahr,IR,27.2025,60.6848,59.56,43,0,0.36,clear sky
277,Gashua,NG,12.871,11.0482,75.31,21,4,10.04,clear sky
278,Baraki Barak,AF,33.9675,68.9486,39.25,43,45,1.68,scattered clouds
279,Puerto Ayora,EC,-0.7393,-90.3518,75.16,83,71,8.41,broken clouds
280,Butaritari,KI,3.0707,172.7902,83.05,77,13,18.54,few clouds
281,Rorvik,NO,64.8621,11.2373,25.59,69,8,35.99,clear sky
282,Talara,PE,-4.5772,-81.2719,74.16,68,0,17.27,clear sky
283,Jalu,LY,29.0331,21.5482,56.37,44,0,14.16,clear sky
284,Saint-Augustin,CA,51.226,-58.6502,21.43,55,35,18.66,scattered clouds
285,Vao,NC,-22.6667,167.4833,76.32,84,75,16.69,broken clouds
286,Touros,BR,-5.1989,-35.4608,83.3,77,81,13.8,broken clouds
287,Mayahi,NE,13.9553,7.6712,73.85,15,58,11.27,broken clouds
288,Comodoro Rivadavia,AR,-45.8667,-67.5,71.46,28,0,18.41,clear sky
289,Okhotsk,RU,59.3833,143.3,-23.13,90,59,12.1,broken clouds
290,Rundu,NA,-17.9333,19.7667,70.79,78,99,7.45,light rain
291,Doha,QA,25.2867,51.5333,66.18,72,0,9.22,clear sky
292,Sao Desiderio,BR,-12.3633,-44.9733,71.33,93,100,5.32,overcast clouds
293,Tessalit,ML,20.1986,1.0114,68.4,17,56,10.33,broken clouds
294,Sitka,US,57.0531,-135.33,28.29,80,40,5.75,scattered clouds
295,Sorong,ID,-0.8833,131.25,80.04,81,67,5.75,broken clouds
296,Nautla,MX,20.2167,-96.7833,77.85,74,18,6.13,few clouds
297,Airai,TL,-8.9266,125.4092,61.18,95,100,0.65,overcast clouds
298,Grand Gaube,MU,-20.0064,57.6608,78.39,71,61,1.99,broken clouds
299,Pecos,US,31.4229,-103.4932,69.06,32,1,5.75,clear sky
300,Erzin,TR,36.9559,36.2,52.32,51,87,8.46,overcast clouds
301,Moyale,KE,3.5167,39.0584,67.28,71,13,6.42,few clouds
302,Anadyr,RU,64.75,177.4833,-2.0,58,100,11.01,overcast clouds
303,Progreso,MX,21.2833,-89.6667,86.11,63,44,13.65,scattered clouds
304,Ungheni,MD,47.2042,27.7958,29.05,79,0,6.91,clear sky
305,Flinders,AU,-34.5833,150.8552,62.19,84,97,11.3,light rain
306,Yerbogachen,RU,61.2767,108.0108,15.6,78,100,14.76,overcast clouds
307,Moissala,TD,8.3404,17.7663,80.47,29,65,5.1,broken clouds
308,Port Moresby,PG,-9.4431,147.1797,76.75,88,41,3.78,light rain
309,Coquimbo,CL,-29.9533,-71.3436,64.63,72,8,8.28,clear sky
310,Araouane,ML,18.9048,-3.5265,70.18,16,98,11.88,overcast clouds
311,Nova Granada,BR,-20.5339,-49.3142,82.65,55,27,7.31,scattered clouds
312,Narsaq,GL,60.9167,-46.05,43.02,73,100,8.37,overcast clouds
313,Cottonwood,US,34.7392,-112.0099,71.35,25,0,1.01,clear sky
314,Santa Isabel,BR,-23.3156,-46.2214,73.4,83,79,8.12,broken clouds
315,Cienfuegos,CU,22.1461,-80.4356,84.34,54,9,10.36,clear sky
316,Micheweni,TZ,-4.9667,39.8333,78.75,83,15,6.17,moderate rain
317,Tamandare,BR,-8.7597,-35.1047,78.64,83,31,8.12,moderate rain
318,Banda Aceh,ID,5.5577,95.3222,77.4,84,34,5.26,scattered clouds
319,Tiznit,MA,29.5833,-9.5,56.03,59,0,0.45,clear sky
320,San Patricio,US,28.017,-97.5169,84.29,57,48,12.88,scattered clouds
321,Qaqortoq,GL,60.7167,-46.0333,43.3,77,100,17.81,overcast clouds
322,Manggar,ID,-2.8833,108.2667,77.47,86,100,6.91,overcast clouds
323,Kabansk,RU,52.0486,106.6528,19.89,97,100,3.83,light snow
324,Vestmannaeyjar,IS,63.4427,-20.2734,32.77,65,8,8.48,clear sky
325,Barneveld,NL,52.1333,5.5833,42.96,95,89,10.16,overcast clouds
326,Buala,SB,-8.145,159.5921,82.04,77,84,2.42,light rain
327,Lukaya,UG,-0.1489,31.8748,71.65,88,100,5.97,light rain
328,Zhezkazgan,KZ,47.8043,67.7144,27.84,68,100,7.14,overcast clouds
329,Moerai,PF,-22.4333,-151.3333,77.54,78,13,11.74,light rain
330,Port Hedland,AU,-20.3167,118.5667,80.65,61,62,8.05,broken clouds
331,Magnolia,US,33.2671,-93.2393,78.48,59,81,3.27,broken clouds
332,Taquari,BR,-29.7997,-51.8644,85.32,61,100,12.03,overcast clouds
333,Benidorm,ES,38.5382,-0.131,61.48,58,0,10.27,clear sky
334,Kuraymah,SD,18.55,31.85,76.93,30,0,9.86,clear sky
335,Pacific Grove,US,36.6177,-121.9166,62.76,81,90,1.99,overcast clouds
336,Iqaluit,CA,63.7506,-68.5145,5.63,88,100,25.57,overcast clouds
337,Korla,CN,41.7597,86.1469,26.85,60,93,3.09,overcast clouds
338,Dryden,CA,49.7833,-92.7503,13.06,80,100,7.34,overcast clouds
339,Portland,US,45.5234,-122.6762,52.63,89,90,1.99,light rain
340,Severo-Kurilsk,RU,50.6789,156.125,30.81,84,77,24.02,light snow
341,Whitecourt,CA,54.1502,-115.6855,25.92,60,100,0.63,overcast clouds
342,Paris,FR,48.8534,2.3488,42.12,90,20,4.0,few clouds
343,Porbandar,IN,21.6422,69.6093,74.19,58,4,13.44,clear sky
344,Broome,US,42.2506,-75.833,44.69,59,1,1.99,clear sky
345,Sao Jose Da Coroa Grande,BR,-8.8978,-35.1478,78.89,82,35,8.61,heavy intensity rain
346,Nuevo Progreso,MX,23.1667,-97.95,87.6,58,2,4.0,clear sky
347,Dom Pedrito,BR,-30.9828,-54.6731,78.96,55,92,15.01,overcast clouds
348,Nikolskoye,RU,59.7035,30.7861,14.02,94,100,5.73,overcast clouds
349,Reserva,BR,-24.6503,-50.8506,75.9,50,59,2.62,broken clouds
350,Pangnirtung,CA,66.1451,-65.7125,16.02,83,100,4.34,overcast clouds
351,Dillon,US,34.4166,-79.3712,74.25,47,97,4.83,overcast clouds
352,Nzega,RW,-2.479,29.5564,56.43,93,100,3.94,overcast clouds
353,Morant Bay,JM,17.8815,-76.4093,80.65,75,100,8.75,overcast clouds
354,Ketchikan,US,55.3422,-131.6461,32.47,86,40,5.75,scattered clouds
355,Dwarka,IN,22.2394,68.9678,75.16,57,0,15.39,clear sky
356,Pattaya,TH,12.9333,100.8833,75.87,63,100,14.74,overcast clouds
357,Bac Lieu,VN,9.285,105.7244,68.47,74,81,6.76,broken clouds
358,Bharthana,IN,26.7571,79.2248,65.21,53,0,3.67,clear sky
359,Creel,MX,27.75,-107.6333,62.8,21,93,10.27,overcast clouds
360,Virginia Beach,US,36.8529,-75.978,61.02,72,75,10.36,broken clouds
361,Thaba Nchu,ZA,-29.2093,26.839,57.81,93,100,12.28,light rain
362,Inirida,CO,3.8653,-67.9239,77.61,93,100,1.59,overcast clouds
363,Chimore,BO,-16.9833,-65.1333,83.19,79,100,3.33,light rain
364,Cherskiy,RU,68.75,161.3,-34.53,100,47,3.13,scattered clouds
365,Guerrero Negro,MX,27.9769,-114.0611,69.03,59,100,14.85,overcast clouds
366,Acapulco,MX,16.8634,-99.8901,85.82,70,1,6.91,clear sky
367,Mpika,ZM,-11.8343,31.4529,69.53,49,45,8.16,scattered clouds
368,Agadez,NE,19.75,10.25,65.84,18,65,9.42,broken clouds
369,Le Havre,FR,49.4938,0.1077,45.52,78,75,19.57,light rain
370,Seoul,KR,37.5683,126.9778,29.64,38,0,1.34,clear sky
371,Chapais,CA,49.7834,-74.8492,3.87,93,100,0.96,overcast clouds
372,Vanderhoof,CA,54.0166,-124.0198,27.7,59,100,4.65,overcast clouds
373,Cody,US,44.5263,-109.0565,59.25,22,1,26.46,clear sky
374,Killybegs,IE,54.6333,-8.45,42.51,64,45,23.98,light rain
375,Kloulklubed,PW,7.0419,134.2556,77.5,75,87,3.96,overcast clouds
376,La Ronge,CA,55.1001,-105.2842,2.93,83,100,2.37,overcast clouds
377,Vangaindrano,MG,-23.35,47.6,74.07,94,32,5.77,scattered clouds
378,Chabahar,IR,25.2919,60.643,75.02,66,0,9.93,clear sky
379,Nemuro,JP,43.3236,145.575,31.73,60,14,22.5,few clouds
380,Oppdal,NO,62.5943,9.6912,10.29,88,94,14.05,overcast clouds
381,Abancay,PE,-13.6339,-72.8814,69.98,59,100,6.87,overcast clouds
382,Prince Albert,CA,53.2001,-105.7677,9.37,95,72,4.38,broken clouds
383,Safaga,EG,26.7292,33.9365,72.95,43,100,3.71,overcast clouds
384,Celestun,MX,20.8667,-90.4,79.65,65,29,14.79,scattered clouds
385,Maniitsoq,GL,65.4167,-52.9,38.41,69,98,21.21,overcast clouds
386,Shingu,JP,33.7333,135.9833,39.65,79,3,6.8,clear sky
387,Colesberg,ZA,-30.72,25.0972,61.74,80,100,7.74,light rain
388,Lorengau,PG,-2.0226,147.2712,83.86,79,100,17.94,heavy intensity rain
389,Port-De-Bouc,FR,43.4,4.9833,53.96,79,0,16.11,clear sky
390,Lerwick,GB,60.1545,-1.1494,37.4,74,95,30.36,overcast clouds
391,Ndende,GA,-2.4008,11.3581,75.42,91,100,0.4,overcast clouds
392,Torbay,CA,47.6666,-52.7314,31.68,50,92,8.01,overcast clouds
393,Rotterdam,NL,51.9225,4.4792,44.91,76,75,18.41,light rain
394,Henties Bay,NA,-22.116,14.2845,61.86,87,0,8.28,clear sky
395,Sao Felix Do Xingu,BR,-6.6447,-51.995,76.91,93,99,1.54,overcast clouds
396,Ramsar,IR,36.9226,50.6426,56.8,62,1,7.18,clear sky
397,Baruun-Urt,MN,46.6806,113.2792,21.43,45,89,12.24,overcast clouds
398,Sandpoint,US,48.2766,-116.5533,36.45,91,90,4.0,overcast clouds
399,Sassandra,CI,4.95,-6.0833,79.54,83,16,7.16,few clouds
400,Outjo,NA,-20.1167,16.15,67.53,23,13,13.51,few clouds
401,Sechura,PE,-5.5569,-80.8222,75.52,60,50,16.17,scattered clouds
402,Lompoc,US,34.6391,-120.4579,65.32,68,1,6.91,clear sky
403,Mitu,CO,1.1983,-70.1733,72.32,99,100,1.83,overcast clouds
404,Pangoa,PE,-12.1167,-73.0,83.53,66,58,2.68,broken clouds
405,Viedma,AR,-40.8135,-62.9967,72.05,29,34,19.42,scattered clouds
406,Mount Isa,AU,-20.7333,139.5,87.57,29,40,5.75,scattered clouds
407,Koygorodok,RU,60.445,50.9968,21.74,96,100,4.72,light snow
408,Westport,US,41.1415,-73.3579,47.75,63,1,5.01,clear sky
409,Santa Marta,CO,11.2408,-74.199,83.71,75,51,15.12,broken clouds
410,Gazli,UZ,40.1333,63.45,44.04,35,100,5.19,overcast clouds
411,Umm Lajj,SA,25.0213,37.2685,76.21,55,0,0.65,clear sky
412,Cap-Aux-Meules,CA,47.3821,-61.8597,30.65,57,99,26.55,overcast clouds
413,Lagoa,PT,39.05,-27.9833,63.64,84,96,11.65,overcast clouds
414,Chicama,PE,-7.8447,-79.1469,64.94,68,99,9.28,overcast clouds
415,Tucuman,AR,-26.8241,-65.2226,74.1,71,99,3.69,overcast clouds
416,Hervey Bay,AU,-25.2986,152.8535,76.03,84,41,4.0,scattered clouds
417,Chifeng,CN,42.2683,118.9636,29.34,42,0,6.2,clear sky
418,Dickinson,US,29.4608,-95.0513,84.42,81,75,5.01,broken clouds
419,Sonoita,MX,31.85,-112.8333,77.52,18,73,4.27,broken clouds
420,Niamey,NE,13.5137,2.1098,81.27,13,10,9.55,clear sky
421,Ternate,ID,0.8,127.4,78.49,90,100,13.65,light rain
422,Hambantota,LK,6.1241,81.1185,77.76,85,88,4.27,overcast clouds
423,Villa Carlos Paz,AR,-31.4241,-64.4978,76.28,62,83,5.01,broken clouds
424,Half Moon Bay,US,37.4636,-122.4286,63.77,77,1,1.99,clear sky
425,Antalaha,MG,-14.9003,50.2788,76.39,85,83,6.11,light rain
426,Lavrentiya,RU,65.5833,-171.0,4.05,92,22,4.59,few clouds
427,Rawson,AR,-43.3002,-65.1023,80.55,25,1,25.3,clear sky
428,Quincy,US,42.2529,-71.0023,41.79,59,40,3.0,scattered clouds
429,Kriel,ZA,-26.2739,29.2253,58.8,94,94,6.2,moderate rain
430,Loikaw,MM,19.6742,97.2094,56.98,94,12,2.37,few clouds
431,Sao Filipe,CV,14.8961,-24.4956,75.79,72,91,9.95,overcast clouds
432,Christchurch,NZ,-43.5333,172.6333,73.0,65,20,4.0,few clouds
433,Nokaneng,BW,-19.6667,22.2667,75.24,67,100,5.59,overcast clouds
434,Honningsvag,NO,70.9821,25.9704,23.11,77,9,26.11,clear sky
435,Belmonte,BR,-15.8631,-38.8828,77.5,85,34,6.29,scattered clouds
436,Gamba,GA,-2.65,10.0,77.85,90,96,6.35,overcast clouds
437,Kaspiyskiy,RU,45.3929,47.3707,44.13,95,71,12.88,broken clouds
438,Talaya,RU,61.3833,152.75,-34.89,100,100,2.01,overcast clouds
439,Gigmoto,PH,13.7796,124.39,76.42,77,95,16.96,overcast clouds
440,Warrington,GB,53.3925,-2.5802,46.51,77,75,5.01,broken clouds
441,Tigil,RU,57.8,158.6667,26.01,96,100,14.56,light snow
442,La Baule-Escoublac,FR,47.2922,-2.364,47.88,80,0,9.22,clear sky
443,Natal,BR,-5.795,-35.2094,83.05,78,20,12.66,few clouds
444,Carballo,ES,43.213,-8.691,51.76,88,100,6.85,overcast clouds
445,Vardo,NO,70.3705,31.1107,21.29,75,11,21.47,few clouds
446,Bowen,AU,-20.0167,148.2333,78.42,74,0,9.26,clear sky
447,Palencia,ES,42.4167,-4.5,43.79,87,35,8.77,scattered clouds
448,Rio Cuarto,AR,-33.1307,-64.3499,70.66,88,90,14.97,overcast clouds
449,Nosy Varika,MG,-20.5833,48.5333,74.3,92,13,5.61,few clouds
450,Broken Hill,AU,-31.95,141.4333,64.36,40,54,10.8,broken clouds
451,Beringovskiy,RU,63.05,179.3167,16.97,97,100,5.95,snow
452,Dhaulpur,IN,26.7,77.9,63.41,61,0,1.25,clear sky
453,Kieta,PG,-6.2167,155.6333,82.29,77,100,2.19,overcast clouds
454,Port-Gentil,GA,-0.7193,8.7815,80.47,84,100,12.82,overcast clouds
455,Neiafu,TO,-18.65,-173.9833,80.31,80,72,9.69,light rain
456,Puerto Baquerizo Moreno,EC,-0.9,-89.6,68.99,85,69,10.38,broken clouds
457,Oostburg,US,43.6228,-87.7945,36.61,47,75,11.5,broken clouds
458,Bonavista,CA,48.6499,-53.1147,32.11,52,74,29.17,broken clouds
459,Ozinki,RU,51.1786,49.6769,41.56,95,100,15.48,overcast clouds
460,Gushikawa,JP,26.3544,127.8686,63.63,67,90,10.36,overcast clouds
461,Oranjestad,AW,12.524,-70.027,81.1,81,86,21.0,overcast clouds
462,Havoysund,NO,70.9963,24.6622,14.88,90,97,11.54,overcast clouds
463,Igrim,RU,63.1906,64.4162,-3.59,92,100,9.33,overcast clouds
464,Whitley Bay,GB,55.0397,-1.4471,39.0,95,90,12.66,overcast clouds
465,San Juan,AR,-31.5375,-68.5364,68.2,59,100,13.42,overcast clouds
466,Mitsamiouli,KM,-11.3847,43.2844,81.23,75,81,10.92,broken clouds
467,Ulaanbaatar,MN,47.9077,106.8832,-7.47,77,0,2.24,clear sky
468,Sakaiminato,JP,35.55,133.2333,48.0,66,98,10.18,overcast clouds
469,Sangar,RU,63.9242,127.4739,-14.53,91,100,13.56,overcast clouds
470,Deputatskiy,RU,69.3,139.9,-39.87,96,43,2.13,scattered clouds
471,Saint-Francois,FR,46.4154,3.9054,41.47,87,75,6.91,broken clouds
472,Ponta Delgada,PT,37.7333,-25.6667,63.5,77,40,4.61,scattered clouds
473,San Jeronimo,PE,-11.9472,-75.2829,59.52,64,100,4.9,light rain
474,Lodingen,NO,68.414,15.9951,24.75,70,1,5.44,clear sky
475,Gritsovskiy,RU,54.1376,38.1604,26.42,92,78,6.62,broken clouds
476,Kara-Tyube,RU,44.6336,45.4369,42.15,90,91,5.77,overcast clouds
477,Mmabatho,ZA,-25.85,25.6333,65.73,76,100,13.76,overcast clouds
478,Buy,RU,58.4786,41.53,4.87,95,85,5.37,overcast clouds
479,Kresttsy,RU,58.2452,32.5165,7.81,99,99,3.02,overcast clouds
480,Baherden,TM,38.4362,57.4316,43.92,75,0,6.78,clear sky
481,Faranah,GN,10.0404,-10.7434,77.05,30,97,3.8,overcast clouds
482,Jardim,BR,-21.4803,-56.1381,84.49,50,98,5.99,overcast clouds
483,Kalaleh,IR,37.3807,55.4916,49.89,46,0,5.39,clear sky
484,Montrose,US,38.4166,-108.2673,53.37,28,0,2.66,clear sky
485,Helong,CN,42.5397,128.9972,13.86,79,8,5.66,clear sky
486,Dinguiraye,GN,11.3,-10.7167,76.91,23,90,2.51,overcast clouds
487,Fort Nelson,CA,58.8053,-122.7002,-9.58,92,100,0.85,overcast clouds
488,Pointe Michel,DM,15.25,-61.3833,80.56,76,70,13.87,broken clouds
489,Kirakira,SB,-10.4544,161.9205,82.74,76,76,4.07,broken clouds
490,Robertsport,LR,6.7533,-11.3686,82.45,77,89,8.68,overcast clouds
491,Cabo San Lucas,MX,22.8909,-109.9124,87.51,54,20,4.0,few clouds
492,Skagen,DK,57.7209,10.5839,25.27,82,100,30.06,overcast clouds
493,Ixtapa,MX,20.7,-105.2,81.63,74,20,10.36,few clouds
494,Vysokogornyy,RU,50.1167,139.15,-6.23,91,58,6.26,broken clouds
495,Imbituba,BR,-28.24,-48.6703,73.81,77,97,14.32,overcast clouds
496,Manokwari,ID,-0.8667,134.0833,79.05,86,99,5.12,light rain
497,Vanimo,PG,-2.6741,141.3028,77.7,90,100,6.38,light rain
498,Rovaniemi,FI,66.5,25.7167,0.81,85,0,8.05,clear sky
499,Ylivieska,FI,64.0833,24.55,15.31,96,29,4.27,scattered clouds
500,Mildura,AU,-34.2,142.15,60.08,61,33,13.11,scattered clouds
501,Gravelbourg,CA,49.8834,-106.5512,29.12,70,100,10.8,overcast clouds
502,Shache,CN,38.4167,77.2406,27.37,37,18,0.78,few clouds
503,Amga,RU,60.8953,131.9608,-9.31,98,100,1.99,overcast clouds
504,Kavaratti,IN,10.5669,72.642,80.8,78,31,6.73,scattered clouds
505,Okha,RU,53.5739,142.9478,-3.75,93,5,10.47,clear sky
506,Sao Borja,BR,-28.6606,-56.0044,91.53,33,76,8.75,broken clouds
507,Damietta,EG,31.4165,31.8133,65.23,51,100,10.49,overcast clouds
508,Alice Springs,AU,-23.7,133.8833,74.75,27,35,8.05,scattered clouds
509,Lethem,GY,3.3803,-59.7968,88.23,51,71,10.65,broken clouds
510,Sioux Lookout,CA,50.1001,-91.917,10.74,89,100,7.65,overcast clouds
511,Iraucuba,BR,-3.7461,-39.7833,83.93,58,75,2.71,broken clouds
512,Valparaiso,CL,-33.0393,-71.6273,82.63,49,0,11.5,clear sky
513,Kade,DE,52.3833,12.2667,37.29,88,100,9.31,overcast clouds
514,Prieska,ZA,-29.6641,22.7474,67.17,42,98,10.51,overcast clouds
515,Brae,GB,60.3964,-1.353,37.31,64,88,26.19,overcast clouds
516,Malakal,SS,9.5334,31.6605,82.49,29,5,5.57,clear sky
517,Awjilah,LY,29.1081,21.2869,56.64,46,0,14.74,clear sky
518,San Cristobal,VE,7.7669,-72.225,77.18,46,64,4.68,broken clouds
519,Jonesboro,US,35.8423,-90.7043,60.67,45,77,11.81,broken clouds
520,Kingsport,US,36.5484,-82.5618,65.84,69,75,3.44,broken clouds
521,Maragogi,BR,-9.0122,-35.2225,78.71,82,42,7.78,heavy intensity rain
522,Horadiz,AZ,39.4488,47.3353,43.84,65,0,1.25,clear sky
523,Nantucket,US,41.2835,-70.0995,41.11,61,1,3.44,clear sky
524,Pisco,PE,-13.7,-76.2167,71.65,73,0,19.57,clear sky
525,Weligama,LK,5.9667,80.4167,77.09,90,95,4.63,overcast clouds
526,Barkly West,ZA,-28.5354,24.5215,63.3,88,100,13.0,overcast clouds
527,Poum,NC,-20.2333,164.0167,80.56,73,9,12.33,clear sky
528,Sabang,ID,5.8933,95.3214,80.71,77,72,8.3,broken clouds
529,Lima,PE,-12.0432,-77.0282,73.9,68,95,9.06,moderate rain
530,Sompeta,IN,18.9333,84.6,69.78,93,100,11.74,very heavy rain
531,Emba,KZ,48.8264,58.1442,26.56,90,49,4.38,scattered clouds
532,Carcassonne,FR,43.25,2.1667,48.65,75,75,10.36,broken clouds
533,Pokhara,NP,28.2333,83.9833,58.24,58,1,4.41,clear sky
534,Machico,PT,32.7,-16.7667,66.83,72,40,17.27,scattered clouds
535,Basag,PH,8.9247,125.6178,71.89,95,88,1.66,overcast clouds
536,Presidente Venceslau,BR,-21.8761,-51.8439,91.45,27,39,4.94,scattered clouds
537,Malanje,AO,-9.5402,16.341,65.93,97,100,0.67,light rain
538,Yinchuan,CN,38.4681,106.2731,32.09,25,0,5.64,clear sky
539,Ishigaki,JP,24.3448,124.1572,69.55,60,82,19.6,broken clouds
540,Thunder Bay,CA,48.4001,-89.3168,23.56,65,93,5.01,overcast clouds
541,Haines Junction,CA,60.7522,-137.5108,-15.68,96,65,0.65,broken clouds
542,Plomarion,GR,38.9767,26.3681,57.16,91,79,10.13,broken clouds
543,Malpe,IN,13.35,74.7167,78.1,89,99,3.51,overcast clouds
544,Kitui,KE,-1.367,38.0106,63.41,90,29,1.54,scattered clouds
545,Kiama,AU,-34.6833,150.8667,62.38,89,98,3.0,overcast clouds
546,Bayreuth,DE,49.9481,11.5783,40.84,95,100,4.0,overcast clouds
547,Khotiv,UA,50.3307,30.4684,29.5,84,93,2.24,overcast clouds
548,Maceio,BR,-9.6658,-35.7353,81.84,83,75,12.66,broken clouds
549,Mana,GF,5.6592,-53.7767,78.39,86,100,8.14,overcast clouds
550,Alofi,NU,-19.0595,-169.9187,79.25,80,38,3.94,light rain
551,Adre,TD,13.4667,22.2,74.25,24,0,9.73,clear sky
552,Tabas,IR,33.5959,56.9244,48.2,45,62,0.83,broken clouds
553,Herndon,US,38.9696,-77.3861,57.97,47,75,0.0,broken clouds
554,Tura,IN,25.5198,90.2201,65.7,74,100,1.7,overcast clouds
555,Bhinmal,IN,25.0,72.25,67.55,50,0,1.9,clear sky
556,Chuka,KE,-0.3332,37.6459,59.58,94,40,3.2,scattered clouds
557,Suyo,PH,16.9762,120.5254,71.46,67,98,3.67,overcast clouds
558,Camacha,PT,33.0833,-16.3333,63.36,63,75,14.97,broken clouds
559,Namibe,AO,-15.1961,12.1522,70.68,69,14,6.17,few clouds
560,Mayskiy,RU,47.6931,40.1025,38.44,91,100,13.24,overcast clouds
561,Coahuayana,MX,18.7333,-103.6833,87.3,57,26,6.96,scattered clouds
562,Bilma,NE,18.6853,12.9164,66.6,20,3,13.06,clear sky
563,Nacala,MZ,-14.5428,40.6728,77.68,82,16,5.73,few clouds
564,Hirara,JP,24.8,125.2833,68.47,59,73,13.24,broken clouds
565,Yulara,AU,-25.2406,130.9889,71.44,43,57,21.85,broken clouds
566,Eskil,TR,38.4017,33.4131,47.35,52,69,11.25,broken clouds
567,Kangaatsiaq,GL,68.3065,-53.4641,38.01,54,100,27.31,light rain
568,Chitral,PK,35.8462,71.7858,43.59,89,100,1.32,overcast clouds
569,Spirovo,RU,57.419,34.9766,10.47,99,86,1.97,overcast clouds
570,Emerald,AU,-23.5333,148.1667,74.34,85,0,6.78,clear sky
571,Tautira,PF,-17.7333,-149.15,84.22,73,60,13.02,light rain
572,Shimoda,JP,34.6667,138.95,42.1,65,39,11.5,scattered clouds
573,Praia,CV,14.9215,-23.5087,73.94,78,75,19.57,broken clouds
574,Coihaique,CL,-45.5752,-72.0662,68.61,50,23,11.34,few clouds
575,Langres,FR,47.8333,5.3333,38.25,93,65,9.78,broken clouds
576,Chacabuco,AR,-34.6417,-60.4739,65.88,78,100,10.4,overcast clouds
577,Bhind,IN,26.5642,78.7883,63.99,56,0,3.44,clear sky
578,Mangrol,IN,21.1167,70.1167,75.52,64,11,5.95,few clouds
579,Carlisle,US,40.2015,-77.1889,54.14,40,99,8.12,overcast clouds
580,Cahir,IE,52.3769,-7.9217,39.69,75,30,15.1,scattered clouds
581,Matay,EG,28.419,30.7792,63.16,37,42,8.55,scattered clouds
582,Taoudenni,ML,22.6783,-3.9836,61.74,21,0,10.89,clear sky
583,Douentza,ML,14.9951,-2.9517,77.97,12,100,4.16,overcast clouds
584,Kyra,RU,49.5776,111.9753,24.39,64,93,11.36,overcast clouds
585,Arlit,NE,18.7369,7.3853,71.87,15,9,7.65,clear sky
586,Gondanglegi,ID,-7.7479,112.0132,74.93,90,100,2.28,light rain
587,Tabou,CI,4.423,-7.3528,80.51,79,10,9.37,clear sky
588,Diego De Almagro,CL,-26.3667,-70.05,82.06,11,84,12.26,broken clouds
589,Kurilsk,RU,45.2333,147.8833,32.43,85,92,29.26,light snow
590,Cassilandia,BR,-19.1133,-51.7342,83.8,59,22,2.21,few clouds
591,Petropavlovsk-Kamchatskiy,RU,53.0452,158.6483,30.79,59,75,15.66,broken clouds
592,Norsup,VU,-16.0667,167.3833,81.61,74,97,8.57,overcast clouds
593,Ambagarh Chauki,IN,20.7833,80.7167,60.66,89,93,7.18,overcast clouds
594,Lazaro Cardenas,MX,17.9583,-102.2,83.32,67,14,7.25,few clouds
595,Chernyshevskiy,RU,63.0128,112.4714,7.23,87,88,12.3,overcast clouds
596,Benghazi,LY,32.1167,20.0667,64.67,60,98,21.85,overcast clouds
597,Manutuke,NZ,-38.6833,177.9167,70.84,57,94,4.85,overcast clouds
598,Puerto Carreno,CO,6.189,-67.4859,89.73,50,100,6.24,overcast clouds
599,Pontes E Lacerda,BR,-15.2261,-59.3353,83.12,86,99,1.99,light rain
600,Abonnema,NG,4.7084,6.7931,80.74,81,30,5.55,light rain
601,Faanui,PF,-16.4833,-151.75,81.36,68,17,16.49,few clouds
602,Chenzhou,CN,25.8,113.0333,46.35,75,0,0.4,clear sky
603,Dzerzhinskoye,RU,56.8344,95.2283,21.11,77,85,13.96,overcast clouds
604,Pangai,TO,-19.8,-174.35,79.56,84,50,15.48,scattered clouds
605,Kostomuksha,RU,64.571,30.5767,10.31,93,100,7.96,overcast clouds
606,Shebunino,RU,46.4339,141.8603,23.94,66,99,17.29,overcast clouds
607,Todos Santos,MX,23.45,-110.2167,87.01,74,100,13.42,overcast clouds
608,Torfyanoy,RU,58.4916,49.1979,24.78,91,100,12.95,overcast clouds
609,Parana,AR,-31.732,-60.5238,86.31,37,71,7.52,broken clouds
610,Kirando,TZ,-7.4167,30.6,76.66,57,1,3.76,clear sky
611,Sangmelima,CM,2.9333,11.9833,74.1,83,94,1.21,overcast clouds
612,Sao Paulo De Olivenca,BR,-3.3783,-68.8725,81.39,80,98,3.51,overcast clouds
613,Ataco,CO,3.5915,-75.3818,84.06,67,99,2.15,overcast clouds
614,Huanan,CN,46.2167,130.5167,-0.49,87,11,5.37,few clouds
615,Challans,FR,46.8436,-1.8749,46.96,72,100,21.47,overcast clouds
616,Pochutla,MX,15.7432,-96.4661,88.83,39,1,6.93,clear sky
617,General Pico,AR,-35.6566,-63.7568,63.88,80,97,7.72,overcast clouds
618,Saurimo,AO,-9.6608,20.3916,66.04,94,88,2.08,overcast clouds
619,Evensk,RU,61.95,159.2333,2.77,81,100,11.14,overcast clouds
620,Terney,RU,45.0503,136.6092,7.27,72,1,9.95,clear sky
621,Port Lincoln,AU,-34.7333,135.8667,59.18,72,100,12.71,overcast clouds
622,Hargeysa,SO,9.56,44.065,56.19,91,4,7.76,clear sky
623,Aykhal,RU,66.0,111.5,-16.62,100,99,5.55,overcast clouds
624,Silifke,TR,36.3778,33.9344,59.29,50,10,11.16,clear sky
625,Minbu,MM,20.1833,94.8833,71.11,73,88,1.3,overcast clouds
626,Linguere,SN,15.3953,-15.1193,84.69,13,100,9.1,overcast clouds
627,Sampit,ID,-2.5333,112.95,73.2,99,100,2.28,overcast clouds
628,Katobu,ID,-4.9408,122.5276,75.61,93,100,3.62,overcast clouds
629,Salinas,US,36.6777,-121.6555,63.18,77,90,5.75,haze
630,Callaway,US,30.153,-85.5699,74.91,68,1,5.99,clear sky
631,Zhenhai,CN,24.2582,118.0905,60.08,63,96,13.29,overcast clouds
632,Nova Olimpia,BR,-14.7972,-57.2881,82.31,84,99,2.68,overcast clouds
633,Davila,PH,18.4726,120.5763,73.06,78,84,24.2,broken clouds
634,Kahului,US,20.8947,-156.47,76.26,59,40,14.97,scattered clouds
635,Prince Rupert,CA,54.3161,-130.3201,36.1,72,18,3.91,few clouds
636,Voronezh,RU,51.6664,39.17,30.22,74,90,2.24,overcast clouds
637,Ginda,IN,30.6945,78.4932,46.98,34,0,6.62,clear sky
638,Olavarria,AR,-36.8927,-60.3225,60.06,73,99,6.31,moderate rain
639,Manuk Mangkaw,PH,4.8,119.85,81.72,78,100,18.39,overcast clouds
640,Adrian,US,41.8975,-84.0372,45.99,38,1,7.0,clear sky
641,Lakselv,NO,70.0513,24.9718,9.75,78,65,10.36,broken clouds
642,Panaba,MX,21.2833,-88.2667,83.1,42,1,12.33,clear sky
643,Ola,RU,59.5833,151.2833,0.46,93,100,5.91,overcast clouds
644,Sao Lourenco Do Sul,BR,-31.3653,-51.9783,73.45,76,100,15.17,overcast clouds
645,Novikovo,RU,51.1537,37.8879,27.86,85,67,1.72,broken clouds
646,Mendota,US,36.7536,-120.3816,54.16,48,0,6.44,clear sky
647,Kot Diji,PK,27.3427,68.7083,55.42,22,0,2.77,clear sky
648,Irbil,IQ,36.1926,44.0106,52.74,35,100,2.71,overcast clouds
649,Tyrma,RU,50.0833,132.1667,-5.98,99,100,2.04,overcast clouds
650,Wakema,MM,16.6,95.1833,70.79,74,16,3.89,few clouds
651,Teseney,ER,15.11,36.6575,79.93,33,0,8.93,clear sky
652,Balabac,PH,7.9868,117.0645,77.41,88,85,18.39,overcast clouds
653,Kharp,RU,66.8014,65.8081,-20.85,90,9,3.67,clear sky
654,Smidovich,RU,48.6,133.8167,0.63,87,90,9.66,overcast clouds
655,Lumut,MY,4.2323,100.6298,76.41,90,49,5.03,scattered clouds
656,Sydney,AU,-33.8679,151.2073,64.62,81,75,3.0,light intensity shower rain
657,Saharanpur,IN,29.9667,77.55,60.93,66,0,3.53,clear sky
658,Storforshei,NO,66.4043,14.5233,1.09,93,9,7.54,clear sky
659,Oster,UA,50.9506,30.8823,29.79,91,87,6.67,overcast clouds
660,Krasnoufimsk,RU,56.6059,57.7669,34.07,97,100,14.27,light rain
661,Folldal,NO,62.1325,9.9968,6.94,97,94,7.96,overcast clouds
662,Kungurtug,RU,50.5994,97.5228,5.5,95,95,2.73,overcast clouds
663,Ahuimanu,US,21.4447,-157.8378,76.46,65,75,6.91,broken clouds
664,Mayo,US,38.8876,-76.5119,59.65,55,1,3.44,clear sky
665,Maiduguri,NG,11.8464,13.1603,75.65,24,66,9.37,broken clouds
666,Tacuarembo,UY,-31.7333,-55.9833,82.36,40,92,10.47,overcast clouds
667,Didsbury,GB,53.417,-2.2315,46.2,82,90,13.0,light rain
668,Sinnamary,GF,5.3833,-52.95,77.76,90,80,8.43,light rain
669,Challapata,BO,-18.9,-66.7667,60.12,45,88,10.07,overcast clouds
670,Inta,RU,66.0317,60.1659,-14.55,88,71,9.24,broken clouds
671,Batagay,RU,67.6333,134.6333,-28.19,90,100,3.44,overcast clouds
672,Byron Bay,AU,-28.65,153.6167,71.87,88,60,11.07,broken clouds
673,Cairns,AU,-16.9167,145.7667,81.07,80,49,9.22,scattered clouds
674,Mbandaka,CD,0.0487,18.2603,72.39,98,100,2.95,light rain
675,Dumai,ID,1.6833,101.45,73.98,97,100,0.65,overcast clouds
676,Natchez,US,31.5604,-91.4032,76.89,78,90,5.75,overcast clouds
677,Iwaki,JP,37.05,140.8833,41.02,56,8,4.0,clear sky
678,Kudahuvadhoo,MV,2.6708,72.8944,81.97,78,19,11.95,few clouds
679,Iralaya,HN,15.0,-83.2333,80.06,84,100,8.52,overcast clouds
680,Soskovo,RU,52.7475,35.3828,23.9,95,42,6.51,scattered clouds
681,Aksarka,RU,66.5606,67.7975,-29.69,97,9,3.85,clear sky
682,Mahalapye,BW,-23.1041,26.8142,78.06,53,77,1.28,broken clouds
683,Ossora,RU,59.2353,163.0719,28.31,97,100,7.52,snow
684,Thinadhoo,MV,0.5333,72.9333,81.55,80,100,16.4,overcast clouds
685,Masumbwe,TZ,-3.6333,32.1833,69.8,71,100,0.34,overcast clouds
686,Betare Oya,CM,5.6,14.0833,76.89,46,99,3.83,overcast clouds
687,Kazerun,IR,29.6195,51.6541,54.7,48,68,0.67,broken clouds
688,El Copey,CO,10.1503,-73.9614,90.59,47,80,6.46,broken clouds
689,Petrozavodsk,RU,61.7849,34.3469,7.48,88,96,10.02,overcast clouds
690,Geraldton,AU,-28.7667,114.6,64.81,68,0,11.5,clear sky
691,Santa Cruz Del Sur,CU,20.7147,-77.9956,84.25,58,34,11.81,light rain
692,Ahipara,NZ,-35.1667,173.1667,69.44,84,71,11.36,broken clouds
693,Palera,IN,25.0167,79.2333,61.75,52,0,2.73,clear sky
694,Paciran,ID,-6.8767,112.3761,77.07,86,100,13.11,moderate rain
695,Deloraine,AU,-41.5333,146.6667,52.36,30,63,0.87,broken clouds
696,Awbari,LY,26.5921,12.7805,47.98,36,2,3.13,clear sky
